balance,transactions,transfer,card,support,about_payactiv,weather,credit_score,oos
How much do I have in savings?,Show me my last five transactions.,Move $50 to my savings.,Is my card ending in 4321 active?,I need help with my account.,What is PayActiv’s mission?,What's the weather like today?,Can you check my credit score?,What’s the capital of France?
What is the balance of my checking account?,Can you tell me where I spent $10?,Can I transfer $30 to my checking account?,Has my card ending in 8765 expired?,What is the email for customer support?,Tell me about PayActiv’s services.,Can you tell me the current weather?,What's my current credit score?,How tall is Mount Everest?
Can you check my current balance?,List all transactions from last month.,Transfer $100 to my friend’s account.,Is my card ending in 2109 blocked?,How can I speak with a representative?,Where can I read more about PayActiv?,Is it going to rain today?,How’s my credit score looking?,Tell me a fun fact.
Tell me the amount available in my account.,How much did I spend on my credit card?,Send $200 to my BOA card.,Activate my new card.,Can I get support through the app?,What are the benefits of using PayActiv?,How's the weather looking right now?,Can you tell me my credit rating?,What’s the population of New York?
What’s left in my account after the last transaction?,What was the last purchase made with my card?,I need to transfer $300 to my other bank account.,How can I block my lost card?,I want to file a complaint.,Is PayActiv safe to use?,What's the temperature outside?,I need to know my credit score.,How many continents are there?
What is my account balance as of today?,Can you provide a summary of my recent transactions?,Can you transfer $500 to my savings account?,Can you check if my card ending in 5678 is valid?,Can you guide me on how to reset my password?,How does PayActiv work?,Do I need an umbrella today?,What’s my credit score as of today?,What is the distance between Earth and the Moon?
How much money do I have in my savings after the recent deposit?,Show me the transactions made in the past week.,Move $20 to my emergency fund.,What is the status of my replacement card?,How do I change my account details?,What makes PayActiv different from other financial services?,Is it sunny outside?,How’s my credit report doing?,Who won the World Series last year?
What is the available balance in my savings account?,How much did I spend at the grocery store last month?,Transfer $1000 to my spouse's account.,Is my card ending in 1234 due for renewal?,What is the phone number for customer service?,Can you explain the fees associated with PayActiv?,What's the forecast for today?,Check my credit score for me.,How do I bake a chocolate cake?
Can you provide me with my account balance details?,What were my top expenses for this month?,Send $50 to my PayPal account.,How do I set up a PIN for my new card?,Can I chat with support online?,How long has PayActiv been in operation?,Is it going to be cold today?,What’s the status of my credit score?,What’s the tallest building in the world?
How much money is currently in my checking account?,Can you find the payment I made to XYZ company?,Can you transfer $250 to my business account?,Can you provide me with the expiry date of my card?,How do I close my account?,Who are the founders of PayActiv?,How hot is it going to be today?,Can you update me on my credit score?,What is the speed of light?
What is the balance of my investment account?,What was the amount of my last direct deposit?,Send $400 to my mortgage account.,How do I request a new debit card?,How can I report fraudulent activity?,What are the core values of PayActiv?,What’s the weather for the weekend?,I’d like to see my credit score.,Who was the first president of the United States?
How much do I have in my joint account?,Can you list all my ATM withdrawals?,Can you transfer $150 to my brokerage account?,Is my card contactless enabled?,What is the procedure for disputing a transaction?,How can PayActiv help me manage my finances?,Will it be windy today?,What’s my latest credit score?,What is the largest ocean on Earth?
What’s my balance after the last withdrawal?,How much did I spend on dining out last month?,Move $75 to my holiday fund.,Can you tell me the credit limit of my card?,How do I update my contact information?,What security measures does PayActiv have in place?,Should I wear a jacket today?,Can you tell me if my credit score has changed?,How many countries are in Africa?
Can you tell me my account balance as of yesterday?,Show me the transactions categorized under entertainment.,Transfer $200 to my travel account.,Has my recent card transaction been processed?,Can you help me with my account settings?,Can you tell me about PayActiv’s partnerships?,What’s the weather like tomorrow?,What’s the current status of my credit score?,What is the boiling point of water?
How much is available in my overdraft protection account?,What were my highest expenses this year?,Send $300 to my credit card account.,What is the status of my card delivery?,Where can I find the FAQs section?,How does PayActiv support financial wellness?,Is there a chance of snow today?,Can you pull up my credit score?,Who is the prime minister of India?
